,UUID,no_of_sessions,last_subcat_visited,max_subcat_visited,last_subcattype_visited,max_subcattype_visited
0,00001820-5ec0-4e3f-a27a-778cb165ca38,1,Land - Plot For Sale,Land - Plot For Sale,Sale,Sale
1,00006509-d94f-4142-84a6-3c6bc5c20a83,1,Villas/Bungalows for Sale,Villas/Bungalows for Sale,Sale,Sale
2,0001f00c-07eb-4d8e-8cb4-1dc6f6aed214,1,NULL,NULL,NULL,NULL
3,000421ad-4307-4ec3-ad74-22cd1e54d71d,1,Villas/Bungalows for Sale,Villas/Bungalows for Sale,Sale,Sale
4,0004725b-71da-4a37-8fa8-d01dbfee2d49,1,Residential - Builder floors For Sale,Villas/Bungalows for Sale,Sale,Sale
5,000477d6-acaa-422e-8cba-c77a597c6c01,1,NULL,NULL,NULL,NULL
6,0004bc8c-ebb5-4ecb-93c0-9b1c39d97d32,1,Houses - Apartments for Sale,Houses - Apartments for Sale,Sale,Sale
7,00054603-7ff8-4423-a532-9fd9e8678d97,2,Houses - Apartments for Sale,NULL,Sale,NULL
8,00058d44-5d42-4f53-aa16-a85d9f7bb4bc,1,NULL,Land - Plot For Sale,NULL,Sale
9,0005d214-38e5-4a77-80d2-c49a1b5d9d5e,3,NULL,NULL,NULL,NULL
10,0006453b-e48e-434b-8ade-5012d538ac4e,1,Houses - Apartments for Sale,Houses - Apartments for Sale,Sale,Sale
11,00070da5-9efc-49a9-bbbf-9f5964bfa6cd,1,Paying Guest - Hostel,Paying Guest - Hostel,Others,Others
12,00070f0b-de76-4c70-8e65-7a0961b05244,1,Villas/Bungalows for Rent,Villas/Bungalows for Rent,Rent,Rent
13,00075282-9f2d-4b13-8129-d2c99c11d686,1,Houses - Apartments for Rent,Houses - Apartments for Rent,Rent,Rent
14,000851d5-855b-4193-ae29-f12114f940ba,1,Houses - Apartments for Rent,Houses - Apartments for Rent,Rent,Rent
15,00087099-a764-44a4-8c85-3808e85e9377,1,Commercial Property for Sale,Commercial Property for Sale,Sale,Sale
16,00088953-0bed-4d4e-83ea-304f96894e76,2,Residential - Builder floors For Rent,Residential - Builder floors For Rent,Rent,Rent
17,000942af-45d2-44d0-8abe-23b6b1b68761,3,NULL,Houses - Apartments for Sale,NULL,Sale
18,00095bdb-bfa5-4708-8705-8fb2accdb204,1,NULL,NULL,NULL,NULL
19,00099bae-97b3-473a-9124-ba86fa4433ea,1,Apartment For Rent,Apartment For Rent,Rent,Rent
20,000a3958-11e5-475e-a7c3-a8e3cb815704,1,NULL,NULL,NULL,NULL
21,000a5e9d-3e45-4349-8f5a-5fcefee0512b,1,Houses - Apartments for Sale,Houses - Apartments for Sale,Sale,Sale
22,000a8140-dc4f-4f83-87cd-0560a732e967,1,Land - Plot For Sale,Land - Plot For Sale,Sale,Sale
23,000a91a2-4644-4df9-a83d-fdeffd685b80,1,Land - Plot For Sale,Land - Plot For Sale,Sale,Sale
24,000bd32d-447a-450b-85fd-4b1f96d009da,1,NULL,NULL,NULL,NULL
25,000bf5a1-9524-4806-9a02-aca8a25f58e2,3,Land - Plot For Sale,Land - Plot For Sale,Sale,Sale
26,000c9474-28d7-47b1-8b05-81da4ffac299,2,NULL,NULL,NULL,NULL
27,000d925b-06fe-4113-98b9-bbb9a902727b,1,Houses - Apartments for Rent,Houses - Apartments for Rent,Rent,Rent
28,000db67b-a29b-4616-8b04-c5e6fad716bc,1,Houses - Apartments for Rent,NULL,Rent,NULL
29,000df0c9-4a9a-47c0-8d92-f179b37683df,3,Villas/Bungalows for Sale,NULL,Sale,NULL
30,000e1fd4-80f8-44b2-8bbe-b017b10cd60c,1,Villas/Bungalows for Sale,Villas/Bungalows for Sale,Sale,Sale
31,000e2909-4323-4bb5-93ec-4ebb5bd21e27,1,Villas/Bungalows for Rent,Villas/Bungalows for Rent,Rent,Rent
32,000ecade-9fa8-4054-8d95-7920d25cb2b4,1,Houses - Apartments for Rent,Houses - Apartments for Rent,Rent,Rent
33,000f497b-1123-407b-8c75-a7a63610d335,2,Residential,Residential,Others,Others
34,000fde01-55d4-4c8b-a476-ed570dd44808,1,Houses - Apartments for Sale,Houses - Apartments for Sale,Sale,Sale
35,00103fe8-0acc-4acc-a745-8599161a540a,3,Houses - Apartments for Rent,NULL,Rent,NULL
36,0011ef4f-817c-4466-a874-7b864f4dd8ff,1,Houses - Apartments for Rent,NULL,Rent,NULL
37,00123a56-1044-4a92-91fe-31d8fc6e7bba,1,NULL,NULL,NULL,NULL
38,0012559c-0a04-47da-9598-7a2b1ae7be71,1,NULL,NULL,NULL,NULL
39,00126f89-ce94-48fc-86e5-870d4c679ee9,2,Houses - Apartments for Sale,Houses - Apartments for Sale,Sale,Sale
40,00128c9e-fccb-4708-afc6-d9b20a3d05df,1,Villas/Bungalows for Sale,Villas/Bungalows for Sale,Sale,Sale
41,00141a8d-57e7-4f3f-868f-0b4d7c310bf6,1,Houses - Apartments for Sale,Houses - Apartments for Sale,Sale,Sale
42,00142103-a0e9-4c33-ae3f-e82918cf5760,1,Houses - Apartments for Sale,Houses - Apartments for Sale,Sale,Sale
43,00142e6f-9184-4cc8-8868-b4da99d0b196,1,Houses - Apartments for Rent,Houses - Apartments for Rent,Rent,Rent
44,0014ad0a-4bc5-4bcb-806a-e362383a7fe6,2,NULL,Houses - Apartments for Sale,NULL,Sale
45,0014b172-5695-439a-8416-78b0dcef4d2a,1,Houses - Apartments for Sale,Houses - Apartments for Sale,Sale,Sale
46,0014ee22-ad68-4b39-83ab-464ec257cc17,2,Houses - Apartments for Rent,Houses - Apartments for Rent,Rent,Rent
47,0015308f-3062-4134-8b71-b939ffe723e1,1,NULL,NULL,NULL,NULL
48,00155909-4ed7-4f79-8091-eae26f841796,1,Villas/Bungalows for Sale,Villas/Bungalows for Sale,Sale,Sale
49,001560fa-0e07-4acf-ac9f-030b5883514d,1,NULL,NULL,NULL,NULL
50,00156553-a9c0-4fa2-8d0c-3bcd992e1cf9,1,NULL,NULL,NULL,NULL
51,00159b87-5813-4a59-85e7-a68664ccfdd6,1,Houses - Apartments for Sale,Houses - Apartments for Sale,Sale,Sale
52,0015a143-36e9-49a7-8444-8ebc7489ea36,1,Residential Apartment For Sale,Residential Apartment For Sale,Sale,Sale
53,0015bb92-e74c-4f17-8ebc-327b444ec1c0,1,NULL,NULL,NULL,NULL
54,001603f4-5445-47a6-85d3-1830c11cdf16,1,Paying Guest - Hostel,Paying Guest - Hostel,Others,Others
55,00163647-3f14-4467-8a4b-4332acc04ba3,1,Houses - Apartments for Rent,Houses - Apartments for Rent,Rent,Rent
56,0016b36c-5a3f-4813-abfd-05aebdb564ed,1,NULL,NULL,NULL,NULL
57,00171cbf-b03a-42d1-aeeb-adc5b1cfddd0,1,Houses - Apartments for Sale,Houses - Apartments for Sale,Sale,Sale
58,00175608-d012-411b-82a7-ed0ca155887b,1,NULL,NULL,NULL,NULL
59,001759e2-8837-465f-8148-9b1fbffd4917,1,Houses - Apartments for Sale,Houses - Apartments for Sale,Sale,Sale
60,00175e64-9a3f-431d-8853-27f081ee41c9,1,NULL,NULL,NULL,NULL
61,001785c5d9384ef8bf97851274ca6e79@quikr.com,1,Houses - Apartments for Rent,Houses - Apartments for Rent,Rent,Rent
62,0018a189-b76b-492c-b270-80c73c4c0ebf,1,Houses - Apartments for Sale,Houses - Apartments for Sale,Sale,Sale
63,00191fec-2fda-47da-8f2c-6432c491a30b,3,Houses - Apartments for Rent,NULL,Rent,NULL
64,0019f2e8-1a7c-449e-a18f-991930c28709,1,NULL,Villas/Bungalows for Rent,NULL,Rent
65,001a2c4d-57a8-4d0a-a050-5aeaf76ec451,1,Houses - Apartments for Rent,Houses - Apartments for Rent,Rent,Rent
66,001a2dd8-298f-4cca-962a-c65e282cb0b2,1,Houses - Apartments for Rent,Houses - Apartments for Sale,Rent,Sale
67,001b6bcb-d1b0-4847-98b4-527cc3563528,1,NULL,NULL,NULL,NULL
68,001c506b-37eb-4080-b003-22aaf848f953,1,Houses - Apartments for Sale,Houses - Apartments for Sale,Sale,Sale
69,001c9b85-e01c-489a-8557-4a905d98b719,2,Villas/Bungalows for Rent,Villas/Bungalows for Rent,Rent,Rent
70,001d00e9-b9fc-4932-aa56-27c8cd2f25bb,1,Villas/Bungalows for Sale,Villas/Bungalows for Sale,Sale,Sale
71,001d6f78-6427-4ebc-8b07-bc2b507c3ba1,1,NULL,NULL,NULL,NULL
72,001d7a0b-15ea-4e8b-bc27-25d455f4ea54,1,NULL,NULL,NULL,NULL
73,001d9809-4686-4d2b-86eb-2a367b2ab9ec,1,Houses - Apartments for Sale,Houses - Apartments for Sale,Sale,Sale
74,001dac31-a019-4e63-858e-580cd6258d20,1,NULL,NULL,NULL,NULL
75,001dcbab-7bdc-47f4-9178-c4a459d6160b,1,NULL,Houses - Apartments for Sale,NULL,Sale
76,001e1819-7e2f-4602-81ba-ed914525be5e,2,NULL,Houses - Apartments for Sale,NULL,Sale
77,001ef3c2-9772-41f7-91c0-671ce1b94978,4,NULL,Houses - Apartments for Sale,NULL,Sale
78,001fff09-e605-4331-810d-d4cf8a9a2bef,1,Commercial Property for Rent,Commercial Property for Rent,Rent,Rent
79,0021c1d4-d7e6-457e-8264-3437a2672cf2,1,NULL,NULL,NULL,NULL
80,0021f5ef-257c-45ed-8097-c6673db36570,1,Land - Plot For Sale,Land - Plot For Sale,Sale,Sale
81,0022c3df-de67-47ff-87b4-9d8840caeba3,1,Villas/Bungalows for Sale,Villas/Bungalows for Sale,Sale,Sale
82,0022cf75-7dee-484e-89ae-fa66da5baf5f,1,NULL,NULL,NULL,NULL
83,00236ada-5b5a-4064-8eee-199dfa7e48dd,4,NULL,Villas/Bungalows for Rent,NULL,Rent
84,0023781e-18b6-48a9-840f-70d82300e790,2,NULL,NULL,NULL,NULL
85,00238d4f-2df5-4f88-aa71-b0e5a5fb594f,2,Residential Apartment For Sale,Residential Apartment For Sale,Sale,Sale
86,00240613-f6d7-43d5-87fb-e25d5ff6e03d,1,NULL,NULL,NULL,NULL
87,00246ff8-2918-4a52-9dd5-4d66aea81ab0,1,Houses - Apartments for Sale,Houses - Apartments for Sale,Sale,Sale
88,00249cb8-8f88-4503-a278-913cf92590b1,1,Villas/Bungalows for Sale,Villas/Bungalows for Sale,Sale,Sale
89,0024aced-c727-48e2-9ab4-15d319651401,1,Villas/Bungalows for Sale,Villas/Bungalows for Sale,Sale,Sale
90,00255477-88b0-45a0-8e47-5b86ae2bbb05,1,NULL,Land - Plot For Sale,NULL,Sale
91,00255fb1-8b6f-4b79-8a37-59c11a183188,1,Commercial Property for Sale,Commercial Property for Sale,Sale,Sale
92,002566ff-08b8-49f3-a16a-6330ac116e4e,1,Houses - Apartments for Rent,Houses - Apartments for Rent,Rent,Rent
93,0025f702-6113-4e48-8a47-7ff6c377d804,1,Houses - Apartments for Rent,Houses - Apartments for Rent,Rent,Rent
94,002604d3-ad7b-4daf-8508-e76841b36e87,1,Land - Plot For Sale,Land - Plot For Sale,Sale,Sale
95,002850bc-bdaf-4fb7-98c8-72f48b369e5a,1,"Real Estate,Commercial Property for Sale",Commercial Property for Sale,Sale,Sale
96,002850c1-b6a8-400e-98f7-6ec906ff0282,1,Houses - Apartments for Sale,Houses - Apartments for Sale,Sale,Sale
97,002886fc-5e53-4069-838a-2c4dbd8d180e,1,NULL,NULL,NULL,NULL
98,002937d4-a786-4b3e-8d09-98b2b24a59ec,1,NULL,NULL,NULL,NULL
99,00293e02-2d2a-4945-b68b-5dd410899efb,2,Villas/Bungalows for Sale,Villas/Bungalows for Sale,Sale,Sale
100,0029b0d7-1812-4371-bcde-6d54d4e4ff49,1,NULL,NULL,NULL,NULL
101,002a102c-0c12-4125-88ed-71d967c67539,2,Houses - Apartments for Sale,Houses - Apartments for Sale,Sale,Sale
102,002b27b8-a23b-4ca4-b8eb-80792924c889,1,Houses - Apartments for Rent,Houses - Apartments for Rent,Rent,Rent
103,002b48d7-2672-4efd-93a2-91c0b19c0e53,1,Land - Plot For Sale,Land - Plot For Sale,Sale,Sale
104,002b79ee-5914-4e14-b949-ae49e2191b6f,1,NULL,NULL,NULL,NULL
105,002c1a72-d810-4d6b-9bed-0194452bace1,1,NULL,NULL,NULL,NULL
106,002c5be2-8492-4317-b215-2859b43facdf,1,Houses - Apartments for Sale,NULL,Sale,NULL
107,002cd890-a671-4eba-9815-453e67a3f650,1,NULL,NULL,NULL,NULL
108,002ce38a-551d-4995-8d02-69ef4b30a0f8,1,Residential Plot For Sale,Residential Plot For Sale,Sale,Sale
109,002e29bb-482f-4f1f-b086-8f07ec67d621,1,NULL,NULL,NULL,NULL
110,002ebcdc-196c-4992-a0e1-7a2d4c10658c,1,NULL,NULL,NULL,NULL
111,002f536f-649c-4bcd-9380-458a460d73d4,1,Land - Plot For Sale,NULL,Sale,NULL
112,002fd353-0e63-41ef-951b-74a36ef20a78,1,Houses - Apartments for Sale,Houses - Apartments for Sale,Sale,Sale
113,00302e07-64f7-4b5a-8b15-3d389a41ad79,3,Villas/Bungalows for Rent,Villas/Bungalows for Rent,Rent,Rent
114,00305ce9-41bc-4b36-8fd7-6bc2128c4e32,1,NULL,NULL,NULL,NULL
115,0030b524-f2e8-4dfd-8679-05f414478d55,1,NULL,NULL,NULL,NULL
116,003105f7-ac44-494b-840d-981fb26b475d,1,Houses - Apartments for Sale,Houses - Apartments for Sale,Sale,Sale
117,00318fd9-3d82-4971-bb8d-4fd7e141ccbe,1,NULL,Land - Plot For Sale,NULL,Sale
118,0031c1fe-963d-4f02-9a7b-d1a36d2a84fa,1,NULL,NULL,NULL,NULL
119,0032d088-52e9-4bcb-8e8e-7eb5cd3e29f4,1,Residential - Builder floors For Rent,Houses - Apartments for Rent,Rent,Rent
120,00333e14-34d9-4b3c-8e0e-382a0d437401,1,NULL,NULL,NULL,NULL
121,0033722b-d999-48e3-9c45-a97f7747b241,1,Villas/Bungalows for Rent,Villas/Bungalows for Rent,Rent,Rent
122,0034c6fe-2ecf-4c56-867c-35edfd7c2ffc,1,NULL,Land - Plot For Sale,NULL,Sale
123,00360efe-08ac-442c-8d94-b22de621487f,1,Houses - Apartments for Rent,Houses - Apartments for Rent,Rent,Rent
124,0037132a-9334-4ab9-b5a2-b390cf7d1fea,1,Villas/Bungalows for Rent,Villas/Bungalows for Rent,Rent,Rent
125,00377460-1be9-4d6e-9c54-43be58089a55,1,NULL,NULL,NULL,NULL
126,00384750-27e5-4ef6-8424-bde6c40cf3cc,1,Villas/Bungalows for Sale,Villas/Bungalows for Sale,Sale,Sale
127,0038beb2-5157-4556-b507-d6e5ee35832a,2,Villas/Bungalows for Sale,NULL,Sale,NULL
128,003ad97f-d838-48e0-81f7-37a4c135c8ab,1,Houses - Apartments for Rent,Houses - Apartments for Rent,Rent,Rent
129,003b3ece-8240-476c-8c45-df14b244b958,1,NULL,Houses - Apartments for Sale,NULL,Sale
130,003c0ec2-2b7c-48f1-a463-ecec8992954c,1,NULL,NULL,NULL,NULL
131,003c4d1cec2b4dc585c4b201f3855d81@quikr.com,1,Houses - Apartments for Sale,Houses - Apartments for Sale,Sale,Sale
132,0040361f-2991-4f75-96f0-a54dca7163b1,1,Houses - Apartments for Sale,NULL,Sale,NULL
133,00405b57-b3bd-4210-87dc-63094c0363a2,1,Houses - Apartments for Rent,Houses - Apartments for Rent,Rent,Rent
134,00406492-af7e-4591-8866-e41766b7fae3,1,NULL,NULL,NULL,NULL
135,0042473e-ed55-49ae-8888-cd10c495ea06,1,NULL,NULL,NULL,NULL
136,0042f32a-6682-46bf-866d-802f19430fd9,1,NULL,NULL,NULL,NULL
137,0043512b-9e6f-4bb9-abf5-a4c7878b0524,1,Houses - Apartments for Sale,NULL,Sale,NULL
138,00437ee1-7a51-4123-907d-df5424e165c4,1,NULL,NULL,NULL,NULL
139,00441731-f894-469a-a0f8-da0370e2c4e4,4,NULL,NULL,NULL,NULL
140,0044184a-2655-463c-be80-1a09940ecca0,1,Houses - Apartments for Rent,Houses - Apartments for Rent,Rent,Rent
141,0044a3ad-7603-4293-8c26-2a7493721dcb,2,NULL,NULL,NULL,NULL
142,00455bf2-e712-4038-9931-39e3bcef752a,1,Houses - Apartments for Sale,Houses - Apartments for Sale,Sale,Sale
143,00455c5b-5979-416e-87e2-3d9d8c2a226a,1,Houses - Apartments for Rent,Houses - Apartments for Rent,Rent,Rent
144,0045de57-9abb-4ca4-87a3-2e03289bc25f,1,Residential,Residential,Others,Others
145,00462d83-6aef-487c-8c44-f09eeb7b4e0f,1,NULL,NULL,NULL,NULL
146,00476930-9d41-4af3-8803-90498ae34879,1,Houses - Apartments for Sale,NULL,Sale,NULL
147,0047ba69-35a8-433f-8df4-eab35a5522b5,1,NULL,NULL,NULL,NULL
148,004817b5-a68f-447d-9131-f49cc8a46a23,1,Houses - Apartments for Rent,Houses - Apartments for Rent,Rent,Rent
149,00485e61-3d1f-4abb-8282-a96cb7832dec,1,NULL,NULL,NULL,NULL
150,004872ad-1494-4b95-980b-ad14b9cd079f,1,NULL,NULL,NULL,NULL
151,00487aba-2fc2-4062-8bad-2026a6d9f492,1,NULL,NULL,NULL,NULL
152,0048da60-fe61-4e97-8ebd-cea2a4eba0bf,2,NULL,NULL,NULL,NULL
153,00493090-5d37-4616-811d-313c4a06c87a,1,NULL,Houses - Apartments for Rent,NULL,Rent
154,00493bfc-b398-426e-8bfe-7af265aeae22,1,Houses - Apartments for Sale,Houses - Apartments for Sale,Sale,Sale
155,00494f86-6c0f-4db9-8a18-f4999575f684,1,NULL,NULL,NULL,NULL
156,00496426-2823-4b62-bf80-53f94abc27fb,1,Commercial Property for Rent,Commercial Property for Rent,Rent,Rent
157,0049c874-13cc-4fc8-af24-b4165d00b633,1,Houses - Apartments for Rent,Houses - Apartments for Rent,Rent,Rent
158,004aa702-c3a5-4ff1-8b95-77e5fec97643,1,Residential Plot For Sale,Residential Plot For Sale,Sale,Sale
159,004acdde-ca1b-4cbe-8d91-feaa660a37f6,1,Houses - Apartments for Rent,Houses - Apartments for Rent,Rent,Rent
160,004b94c5-38b9-4ed6-80d5-d0228939d40e,1,NULL,NULL,NULL,NULL
161,004c52b7-bb6a-4a98-a1cb-686469d58214,1,Land - Plot For Sale,Land - Plot For Sale,Sale,Sale
162,004cb0a9-b032-46d1-877d-16b2940f661a,1,Land - Plot For Sale,Houses - Apartments for Rent,Sale,Rent
163,004dd300-77bf-4b3b-8d18-86f690008439,1,NULL,NULL,NULL,NULL
164,004e83f8-e59d-4ca4-9d2c-1c29d077df51,1,Villas/Bungalows for Sale,Villas/Bungalows for Sale,Sale,Sale
165,004f4231-e892-4a4d-ba89-4583e5cce008,1,Houses - Apartments for Sale,Houses - Apartments for Sale,Sale,Sale
166,004fdd13-1642-40c8-a9da-9cd8d8ee17c5,1,Houses - Apartments for Sale,Houses - Apartments for Sale,Sale,Sale
167,005015ca-5195-4f00-9a31-a86e6030cf96,1,Land - Plot For Sale,Land - Plot For Sale,Sale,Sale
168,00510c7c-8a6f-4c25-8d33-5ac5877581bd,1,Villas/Bungalows for Rent,Villas/Bungalows for Rent,Rent,Rent
169,00510d95-256f-4ea8-8f83-8de63d8fb637,1,Villas/Bungalows for Sale,Land - Plot For Sale,Sale,Sale
170,0051cb78-efe9-4b07-8be5-eee3b3de69c0,2,NULL,Houses - Apartments for Rent,NULL,Rent
171,0051f204-f344-4993-af64-7f266259f93d,1,NULL,NULL,NULL,NULL
172,0053396f-e69a-4cd9-8da0-98bf03eebe61,1,NULL,NULL,NULL,NULL
173,005374e4-be4b-407e-9f3e-18526cf80ce4,1,NULL,NULL,NULL,NULL
174,0054431e-72aa-485b-bff9-ee2833069108,1,NULL,NULL,NULL,NULL
175,0054d023-f456-4909-9080-40a697792778,1,NULL,Houses - Apartments for Rent,NULL,Rent
176,00551391-be83-42a4-8b72-556eb7742aed,2,NULL,Houses - Apartments for Rent,NULL,Rent
177,005600ec-9898-481c-8e59-22a57c19fe4f,1,NULL,NULL,NULL,NULL
178,00564435-b88c-4a1a-871e-db878a0931e5,1,NULL,Houses - Apartments for Sale,NULL,Sale
179,00565c0f-e5c2-43ea-bcad-8733d6dc07db,1,Houses - Apartments for Sale,Houses - Apartments for Sale,Sale,Sale
180,00568f5f-1576-4ae8-8337-9772ac553871,1,NULL,NULL,NULL,NULL
181,0057cda4-d869-4c2a-81ad-8b4337c91909,1,Villas/Bungalows for Sale,Villas/Bungalows for Sale,Sale,Sale
182,005801eb-43cc-48d0-8db0-88d31a38d781,1,NULL,NULL,NULL,NULL
183,00589a54-954c-45e1-8ef9-89ff4562c1f4,1,Villas/Bungalows for Sale,Villas/Bungalows for Sale,Sale,Sale
184,0058b1f0-2448-4f9b-9536-4049286e689e,4,Villas/Bungalows for Sale,Houses - Apartments for Rent,Sale,Rent
185,0058d02b-4176-4ffa-8081-0957138caa9a,1,NULL,NULL,NULL,NULL
186,005a2ea0-3472-4d32-8798-2ea6a918ca7e,1,Residential - Builder floors For Rent,Villas/Bungalows for Rent,Rent,Rent
187,005ac282-b60d-4404-8580-8d50c4822d8c,1,Houses - Apartments for Rent,Houses - Apartments for Rent,Rent,Rent
188,005b1f10-442b-46d7-9b99-1443950c2a30,1,NULL,NULL,NULL,NULL
189,005bf976-6a1d-490f-86c7-4eab4b9fa9df,1,Houses - Apartments for Rent,Houses - Apartments for Rent,Rent,Rent
190,005d189b-0290-48af-8324-403d6065ab07,1,NULL,NULL,NULL,NULL
191,005d2793-52fd-4f80-b540-3cfa23960927,3,Houses - Apartments for Rent,Houses - Apartments for Rent,Rent,Rent
192,005d4165-8bc2-4b22-b4f2-b6a76f3fe94f,1,Commercial Property for Rent,Commercial Property for Rent,Rent,Rent
193,005e19b8-31f2-452c-ab18-6a8858bd3484,1,Paying Guest - Hostel,Paying Guest - Hostel,Others,Others
194,005e2ae3-9d37-4b71-928b-737be001977d,1,Houses - Apartments for Rent,Houses - Apartments for Rent,Rent,Rent
195,005e2b5e-8b46-486d-8145-ab8a4cb54b74,2,Villas/Bungalows for Sale,Houses - Apartments for Sale,Sale,Sale
196,005e3466-3aed-481f-88af-82afb9301b72,1,Land - Plot For Sale,Land - Plot For Sale,Sale,Sale
197,005eb56d-cda3-45be-bfed-d9b2b428bfc5,1,Houses - Apartments for Rent,Houses - Apartments for Rent,Rent,Rent
198,005edf15-4172-4ff3-9ff7-a88317459ac2,1,NULL,NULL,NULL,NULL
199,005ee0a8-eb71-4d62-8ade-27ed1ab9a159,1,Houses - Apartments for Sale,Houses - Apartments for Sale,Sale,Sale
200,005f3920-43af-46e8-8bb5-ca3927d39f55,1,Houses - Apartments for Sale,Houses - Apartments for Sale,Sale,Sale
201,0060133c-d7d1-4381-8b79-ed8c53e0d108,1,NULL,NULL,NULL,NULL
202,00605ee0-0666-4f51-b210-a75d30333027,1,Houses - Apartments for Sale,Houses - Apartments for Sale,Sale,Sale
203,006066a3-7c4e-4a35-8b5e-859310c485b3,1,NULL,NULL,NULL,NULL
204,00607819-1e1c-4afa-a0ef-f73074801b7f,1,Houses - Apartments for Rent,Houses - Apartments for Rent,Rent,Rent
205,0061342b-c182-42a7-a255-e1f6ebae5ba8,1,Houses - Apartments for Sale,Houses - Apartments for Sale,Sale,Sale
206,00614d9b-4d97-4ba5-90ec-dcb2a3482f5e,1,Houses - Apartments for Sale,Houses - Apartments for Sale,Sale,Sale
207,0062391c-978f-4c72-89c0-6f2202e226e2,1,NULL,NULL,NULL,NULL
208,00629052-97e6-4260-89a0-7c0fa6808462,1,Villas/Bungalows for Rent,Villas/Bungalows for Rent,Rent,Rent
209,006294f4-2c6c-4e7e-80d5-7ca8cae754b8,1,Houses - Apartments for Rent,Houses - Apartments for Rent,Rent,Rent
210,0062ad6f-782a-4d6c-876c-79388899d441,1,NULL,NULL,NULL,NULL
211,0062bae6-736d-494e-81d2-ae439a5425f3,2,NULL,NULL,NULL,NULL
212,00630831-d99b-4784-8d44-6285ea971fc3,1,Houses - Apartments for Sale,Houses - Apartments for Sale,Sale,Sale
213,00636b01-9b39-4b5b-8586-7aba9321a8e7,1,Houses - Apartments for Sale,Houses - Apartments for Sale,Sale,Sale
214,0063be89-5d4d-46c5-8e31-eaf7054c08b1,1,NULL,NULL,NULL,NULL
215,0063dde4-202c-40dc-8b4f-02b10f2b0cdb,1,Houses - Apartments for Rent,Houses - Apartments for Rent,Rent,Rent
216,00641354-50bf-41cb-8aea-58d572cc79aa,1,Villas/Bungalows for Rent,Houses - Apartments for Rent,Rent,Rent
217,006423c4-dc9b-4b48-851e-33e74b8a9109,1,NULL,NULL,NULL,NULL
218,0064d2dc-9c6f-4b38-9401-f39b86374180,1,Land - Plot For Sale,Land - Plot For Sale,Sale,Sale
219,0064f18d-205f-4f9b-815d-d0b662fe7c11,1,NULL,NULL,NULL,NULL
220,0065563c-169c-4c76-9c9a-2fc121511fa9,1,Residential Apartment For Sale,Residential Apartment For Sale,Sale,Sale
221,00656426-d798-403f-8412-d759beb7ad0d,1,Houses - Apartments for Sale,Houses - Apartments for Sale,Sale,Sale
222,00656834-4281-4c0a-82f7-5abfb42368b8,1,Houses - Apartments for Sale,Houses - Apartments for Sale,Sale,Sale
223,0066cfa9-6edf-4ee1-9a8c-6d5e096cbb62,1,Residential Apartment For Sale,Residential Apartment For Sale,Sale,Sale
224,00674eed-ac8a-47de-8135-1e3d07759fac,1,NULL,NULL,NULL,NULL
225,00675e21-1163-4d7c-8cff-2c1020c81cd8,1,Villas/Bungalows for Sale,Villas/Bungalows for Sale,Sale,Sale
226,00677224-aeb5-44f4-87e1-c5168c0e44a6,1,Villas/Bungalows for Rent,Villas/Bungalows for Rent,Rent,Rent
227,0067cd11-564a-465b-8289-1c2d13d25f56,1,Villas/Bungalows for Sale,Villas/Bungalows for Sale,Sale,Sale
228,00682f32-b95c-4157-8e61-1db0ebfc0cd9,1,NULL,NULL,NULL,NULL
229,00687363-d733-4a6a-8ed8-d613b744ea16,1,Houses - Apartments for Sale,Houses - Apartments for Sale,Sale,Sale
230,00696ab7-fbb0-4bd0-a548-df6a45cdaa3b,1,Villas/Bungalows for Sale,Houses - Apartments for Sale,Sale,Sale
231,00698c27-464f-48fc-9f6e-081d9bb5c93a,2,Houses - Apartments for Rent,Houses - Apartments for Rent,Rent,Rent
232,00698fbe-a538-44d5-85ef-73ebc9a2e856,1,NULL,NULL,NULL,NULL
233,006a5c8f-af13-45e0-81ce-9db990c92b7d,1,Houses - Apartments for Sale,Houses - Apartments for Sale,Sale,Sale
234,006aa422-f024-4513-87bd-d48ea32ea234,1,NULL,NULL,NULL,NULL
235,006ba7d2-3a72-4551-bb27-ccfc2e7e2321,1,NULL,Land - Plot For Sale,NULL,Sale
236,006bce30-f647-4966-8bda-e5930a64b0ed,2,Land - Plot For Sale,Villas/Bungalows for Sale,Sale,Sale
237,006c03e7-20e9-4416-8b41-da486ac00ddf,1,NULL,NULL,NULL,NULL
238,006cba69-0295-490f-80a9-25a93a4317cd,1,Houses - Apartments for Sale,Houses - Apartments for Sale,Sale,Sale
239,006d4481-e6b6-4386-802f-5a9f44d1ac41,1,Houses - Apartments for Rent,Houses - Apartments for Rent,Rent,Rent
240,006e2255-6342-4074-82e3-58831b137344,3,Residential,Residential,Others,Others
241,006e43d4-0639-43e7-8ac1-40bd9250d6b2,1,Houses - Apartments for Rent,Houses - Apartments for Rent,Rent,Rent
242,006e8dec-312f-4741-89db-0cbcd2963d7f,1,Houses - Apartments for Rent,Houses - Apartments for Rent,Rent,Rent
243,006efffb-f259-4fb0-886b-9b6fa47fbbd5,1,Houses - Apartments for Sale,Houses - Apartments for Sale,Sale,Sale
244,006f36cb-5695-480f-8d2e-0ea1abf95a4e,1,Villas/Bungalows for Sale,Villas/Bungalows for Sale,Sale,Sale
245,006f46c2-1c2c-4bc9-84c9-1f5c3a043b57,3,NULL,Houses - Apartments for Rent,NULL,Rent
246,00708763-a1e9-4d53-85dd-d3e5e9cdb31c,1,NULL,NULL,NULL,NULL
247,0070f07b-6f77-4698-89df-1c93c38312a7,1,Land - Plot For Sale,Land - Plot For Sale,Sale,Sale
248,007151cb-f884-4d3b-8ea7-1d8e293988a6,1,Villas/Bungalows for Sale,Villas/Bungalows for Sale,Sale,Sale
249,0072bf02-674f-4a30-9698-ef15b6bda772,1,Houses - Apartments for Rent,Houses - Apartments for Rent,Rent,Rent
250,0073a94a-949f-4db5-8ca9-e9742451a296,1,Land - Plot For Sale,Land - Plot For Sale,Sale,Sale
251,007427b0-0607-4570-9b00-2359988c54c3,1,NULL,NULL,NULL,NULL
252,0074b6e2-c8ec-4396-978e-f6789094a116,1,Houses - Apartments for Sale,Houses - Apartments for Sale,Sale,Sale
253,0074f547-f9ed-4e6b-8724-d3d31063b50f,1,Houses - Apartments for Rent,Houses - Apartments for Rent,Rent,Rent
254,00751983-eaa1-4713-8c3a-eb84260dc9b6,1,Villas/Bungalows for Sale,Villas/Bungalows for Sale,Sale,Sale
255,00756d0b-e516-4bb0-85a0-8a4dca89a1ee,2,NULL,NULL,NULL,NULL
256,00757288-55d7-4025-8985-a37e3cb0b8a2,1,NULL,NULL,NULL,NULL
257,00764c58-f980-4a5b-b2f8-828a7976318b,1,NULL,NULL,NULL,NULL
258,0076a7b8-e6b1-46fa-b4cf-c7b52fce5dc6,1,NULL,NULL,NULL,NULL
259,0076c6d5-006f-4ec9-b686-16f5ed81efe9,1,NULL,NULL,NULL,NULL
260,0077082e-2a20-4ff0-9a34-c231f95b4ab3,1,Houses - Apartments for Sale,Houses - Apartments for Sale,Sale,Sale
261,007710f1-6f2f-46ac-81aa-6edab6ef0f23,1,NULL,NULL,NULL,NULL
262,00773650-fad1-4ed7-899d-f889dbdbe687,1,NULL,NULL,NULL,NULL
263,00779e2b-066f-4f80-8a91-8a8a156e7b3b,1,Land - Plot For Sale,Land - Plot For Sale,Sale,Sale
264,0077e2d1-de36-4bbe-8460-6670dc22847e,1,Houses - Apartments for Rent,Houses - Apartments for Rent,Rent,Rent
265,0078ad17-1d24-48e7-8156-4fa86d9cc311,2,NULL,NULL,NULL,NULL
266,0078d192-f116-4c3f-86c0-7c2fdc5925b4,1,Houses - Apartments for Rent,Houses - Apartments for Rent,Rent,Rent
267,0078d446-0ada-4d69-8865-32c9b982f43b,2,Houses - Apartments for Sale,Houses - Apartments for Sale,Sale,Sale
268,0079358c-a862-4b1e-8c62-973622dc06b2,1,NULL,NULL,NULL,NULL
269,007943e8-c5ed-4bc6-96eb-d915ee35cd38,1,Villas/Bungalows for Sale,Villas/Bungalows for Sale,Sale,Sale
270,007946fd-f02d-40a0-8181-5429666e7310,1,Houses - Apartments for Rent,Houses - Apartments for Rent,Rent,Rent
271,0079894b-4e40-4da8-9e85-2bdaadaac380,4,NULL,Villas/Bungalows for Sale,NULL,Sale
272,0079b3be-ceb6-4b84-9ea1-dec4d189bcbe,1,NULL,NULL,NULL,NULL
273,0079c02e-be2a-4730-87a3-fc376dd700ac,1,NULL,NULL,NULL,NULL
274,0079e712-2d48-4051-a5cb-cdfecf8111f6,1,NULL,Houses - Apartments for Rent,NULL,Rent
275,007aa1a2-bd18-4644-92d8-aa42657096e4,4,NULL,NULL,NULL,NULL
276,007b2fff-7bcd-4051-a660-591540830e8f,2,NULL,Land - Plot For Sale,NULL,Sale
277,007c6922-dbf1-41b3-9c72-214a964ec8d0,1,NULL,NULL,NULL,NULL
278,007cdff3-046f-4142-96ad-992f3df6f4bc,2,NULL,NULL,NULL,NULL
279,007f0cea-6511-4c3a-8162-cfe2d2d61dab,1,NULL,NULL,NULL,NULL
280,00800f42-69c8-4226-8ac2-0ab008eccfe3,1,Land - Plot For Sale,Land - Plot For Sale,Sale,Sale
281,00802294-eed8-45c7-8fbd-739f5f2453cf,1,Houses - Apartments for Rent,Houses - Apartments for Rent,Rent,Rent
282,00803939-dd91-40cf-8a91-29183a433f02,1,NULL,NULL,NULL,NULL
283,0080b67d-b678-4b69-825f-69acf340df42,1,NULL,NULL,NULL,NULL
284,00812572-4a25-4bfc-8890-bd2e71d6c357,1,Houses - Apartments for Rent,Houses - Apartments for Rent,Rent,Rent
285,008129b6-c48d-43b4-85dc-f9de243d50cc,1,Land - Plot For Sale,Land - Plot For Sale,Sale,Sale
286,00812c25-f547-4f6f-829e-01f0eedb6ab0,2,Residential Plot For Sale,Villas/Bungalows for Sale,Sale,Sale
287,008196ab-5a18-42c5-8648-7801ec4acf3f,1,NULL,NULL,NULL,NULL
288,00823406-be7c-414d-8564-ac823d5c4ffe,1,Villas/Bungalows for Sale,Villas/Bungalows for Sale,Sale,Sale
289,0082d35a-384b-4c52-8503-4b69e2cc8314,1,NULL,NULL,NULL,NULL
290,00845834-46fe-4ec6-8cdb-6ffc92ed0cf6,1,Houses - Apartments for Rent,Houses - Apartments for Rent,Rent,Rent
291,00847c1f-032f-41e8-8f14-549d5650f651,1,Land - Plot For Sale,Land - Plot For Sale,Sale,Sale
292,0084956c-80cb-46f4-8aad-cfc2362ad0ad,1,Flatmates,Residential,Others,Others
293,0084c9e9-5749-43be-8b12-03d8f875a157,2,Commercial Property for Rent,Commercial Property for Rent,Rent,Rent
294,0085372b-229b-49e6-81fb-ab3de1a54c5c,1,Villas/Bungalows for Sale,Villas/Bungalows for Sale,Sale,Sale
295,0085715c-0052-4aad-8f9e-5b9106537297,1,NULL,NULL,NULL,NULL
296,00865af9-fde0-4e82-930d-a11ac012e624,1,Houses - Apartments for Sale,Houses - Apartments for Sale,Sale,Sale
297,008663176b9c401a81d64c8fe36e04b7@quikr.com,1,Houses - Apartments for Rent,Houses - Apartments for Rent,Rent,Rent
298,0086e269-e1c6-4af7-8d3c-17113f445516,1,Houses - Apartments for Rent,Houses - Apartments for Rent,Rent,Rent
299,0086f6b1-43fa-464d-8325-2d7513a89c68,1,Houses - Apartments for Sale,Houses - Apartments for Sale,Sale,Sale
300,00872e7a-03fa-453c-9ef1-66d0b7a30b0e,1,NULL,NULL,NULL,NULL
301,008791e8-209f-4f91-b107-c235fb0a377c,1,NULL,NULL,NULL,NULL
302,00883698-de8e-4d9a-a882-6551c918e1b8,1,Land - Plot For Sale,Land - Plot For Sale,Sale,Sale
303,008850f0-3838-4247-8a0e-98e47941214e,1,NULL,NULL,NULL,NULL
304,0088ebd9-1f46-4db7-a760-d6a26cf53ae3,2,Houses - Apartments for Rent,Houses - Apartments for Rent,Rent,Rent
305,00898538-b5e2-4985-8b6a-80f00bf6ff69,1,NULL,NULL,NULL,NULL
306,0089e54c-3cee-4375-8002-3b6388402ca9,1,Houses - Apartments for Rent,NULL,Rent,NULL
307,008a1e02-99c3-4b06-8626-d87f7ff15afd,1,Land - Plot For Sale,Land - Plot For Sale,Sale,Sale
308,008ae747-89e3-4cd0-8663-9b47d948b8dc,1,Houses - Apartments for Rent,NULL,Rent,NULL
309,008c4270-6b74-40f0-8c4d-53637cf80e66,1,Villas/Bungalows for Sale,Houses - Apartments for Sale,Sale,Sale
310,008ccf54-eae5-4b8b-9ab8-6288845ddfb3,1,Houses - Apartments for Rent,Houses - Apartments for Rent,Rent,Rent
311,008d5410-0bb9-450e-8339-cbaec4230be6,1,Villas/Bungalows for Sale,Villas/Bungalows for Sale,Sale,Sale
312,008d7841-fee6-4720-9e61-9f0bd0f2a4bd,1,NULL,NULL,NULL,NULL
313,008d9683-b4c8-4309-8da3-5c6463fb1d3f,1,NULL,NULL,NULL,NULL
314,008de591-2e92-4e4b-8e95-43b0e0adbe88,1,Commercial Property for Rent,Commercial Property for Rent,Rent,Rent
315,008dedfc-d6c1-4d94-8b63-4bedc8774ec0,1,NULL,NULL,NULL,NULL
316,008deec7-855e-4b3e-915e-126ecb912aa1,1,Houses - Apartments for Rent,Houses - Apartments for Rent,Rent,Rent
317,008e33ad-d537-4802-878a-061be6d1f58b,1,Villas/Bungalows for Sale,Land - Plot For Sale,Sale,Sale
318,008e41b5-096c-45b4-8782-8d5ac132898d,1,Houses - Apartments for Rent,Houses - Apartments for Rent,Rent,Rent
319,008f2343-5c0e-4a07-8d8b-fd81a44f34e1,1,Commercial Property for Sale,Commercial Property for Sale,Sale,Sale
320,008f39f6-510c-4c1b-8dca-a62bd4953f30,1,Villas/Bungalows for Sale,Villas/Bungalows for Sale,Sale,Sale
321,008f3c76-1d46-49be-8d58-eb72aad355a4,1,NULL,NULL,NULL,NULL
322,008f5b98-c0ca-4a35-8b79-d79a72b00cd7,2,NULL,NULL,NULL,NULL
323,008f6a40-03b8-4711-ba47-3cb59259bf22,1,Houses - Apartments for Sale,Houses - Apartments for Sale,Sale,Sale
324,008fad16-1c15-4c82-829e-b47820b43714,1,Houses - Apartments for Sale,Houses - Apartments for Sale,Sale,Sale
325,008fc726-d03a-4051-9c46-d5776b408123,1,Houses - Apartments for Rent,Houses - Apartments for Rent,Rent,Rent
326,008ff3c1-d19d-4f8e-9df9-2df39494fc01,1,Houses - Apartments for Sale,Houses - Apartments for Sale,Sale,Sale
327,00908d68-d234-44e5-9a34-4a63c2ac8310,1,Commercial Property for Rent,Commercial Property for Rent,Rent,Rent
328,0090f23d-ecea-4217-894a-5e1296538eff,1,Houses - Apartments for Rent,Houses - Apartments for Rent,Rent,Rent
329,0091047b-94d6-4e2f-89db-2bc617c9087d,1,Villas/Bungalows for Sale,Villas/Bungalows for Sale,Sale,Sale
330,009185e9-589b-4a12-a0f1-800410e8d986,1,Land - Plot For Sale,Land - Plot For Sale,Sale,Sale
331,0092b346-a4be-49ff-833a-1ff101e653d6,1,NULL,NULL,NULL,NULL
332,0092ddd0-79ec-40e7-9450-b126573efc97,1,NULL,NULL,NULL,NULL
333,00938f4c-85ec-4d59-bb90-eed70316fe06,1,NULL,NULL,NULL,NULL
334,00955183-a0ac-47ea-93aa-7f4d56ac6b35,1,NULL,NULL,NULL,NULL
335,00955637-69c7-4523-a359-59e87966c388,2,Houses - Apartments for Rent,Houses - Apartments for Rent,Rent,Rent
336,009566e3-af15-44e5-89ff-6345f1e9a4ce,1,NULL,NULL,NULL,NULL
337,009593b4-b0b1-4f6b-a122-ed9c42b9a5c0,4,Houses - Apartments for Sale,Houses - Apartments for Sale,Sale,Sale
338,0095b15b-24d4-4b1c-9d8f-41a027b52f1d,1,NULL,NULL,NULL,NULL
339,0095ce41-27be-4491-a959-b504988bf624,1,NULL,NULL,NULL,NULL
340,009719b8-3c67-4a7f-ac5e-a044b8ffa0b1,2,NULL,Villas/Bungalows for Sale,NULL,Sale
341,00979293-bf1d-44b7-bc17-d707dbdce8c8,1,NULL,NULL,NULL,NULL
342,0097a57f-465d-46fa-8bc6-fd353f169017,1,Houses - Apartments for Rent,Houses - Apartments for Rent,Rent,Rent
343,0097e507-73aa-4098-b2e0-477554ebad94,1,Villas/Bungalows for Sale,Villas/Bungalows for Sale,Sale,Sale
344,0098035c-5ec4-414e-82de-026ba0b68c4d,1,Houses - Apartments for Rent,Houses - Apartments for Rent,Rent,Rent
345,00984feb-cb63-44ec-9297-d2956ce9bb85,1,NULL,NULL,NULL,NULL
346,0098a33e-c89b-485f-9380-1dda127beaf9,1,Paying Guest - Hostel,NULL,Others,NULL
347,0098dcea-13d1-4c92-95c2-5652879db190,1,NULL,Land - Plot For Sale,NULL,Sale
348,00992d1e-e301-40ea-8859-4b9673181dd8,1,NULL,NULL,NULL,NULL
349,0099c938-8dfa-40c2-a453-dbdf8737e10c,1,Houses - Apartments for Rent,Houses - Apartments for Rent,Rent,Rent
350,009a09ed-6fc9-4a0d-9c0c-f0daf47890b7,1,Residential Apartment For Sale,Residential Apartment For Sale,Sale,Sale
351,009a2d94-7585-4bce-8463-8809cc81effb,3,Villas/Bungalows for Sale,Villas/Bungalows for Sale,Sale,Sale
352,009a4eb5-c235-4de9-b35f-24dc5d39bfdc,1,Land - Plot For Sale,Land - Plot For Sale,Sale,Sale
353,009a5ba8-e0d0-47c5-b65e-8b38b35573b9,1,Houses - Apartments for Sale,Houses - Apartments for Sale,Sale,Sale
354,009b0f73-9dc5-4215-862f-74733adf4293,1,Villas/Bungalows for Rent,Villas/Bungalows for Rent,Rent,Rent
355,009b32f5-ae38-4891-885c-91be13b9afd2,2,Land - Plot For Sale,Land - Plot For Sale,Sale,Sale
356,009cfdc5-c8fc-4db8-855e-ca3ee5442b1f,1,NULL,Land - Plot For Sale,NULL,Sale
357,009d5e88-4ca0-4e7e-8200-a65db98ee5af,1,Houses - Apartments for Sale,Houses - Apartments for Sale,Sale,Sale
358,009d7e89-d1e7-44a7-9e26-31759a658b50,1,NULL,Land - Plot For Sale,NULL,Sale
359,009db3c3-6f7c-477b-bf88-da077099af8e,1,NULL,NULL,NULL,NULL
360,009dfa39-a8aa-41f4-9f66-7a96a85bc719,1,NULL,NULL,NULL,NULL
361,009e32a8-c726-46a0-b8db-97dc4b9f07c9,1,Houses - Apartments for Rent,Houses - Apartments for Rent,Rent,Rent
362,009ea08b-816b-449b-a483-b02d8c87d299,5,NULL,NULL,NULL,NULL
363,009eb2eb-aa1e-4781-9680-dd96dda13cb9,1,Land - Plot For Sale,Land - Plot For Sale,Sale,Sale
364,009f27d5-f1d5-4588-bc25-a3558685d782,1,Houses - Apartments for Rent,Houses - Apartments for Rent,Rent,Rent
365,009f91b2-be7a-4409-bc81-8293e747a5e6,1,Houses - Apartments for Rent,Houses - Apartments for Rent,Rent,Rent
366,00a002a9-75e6-4fa5-9dde-1044b15ab119,3,Houses - Apartments for Rent,Houses - Apartments for Rent,Rent,Rent
367,00a18602-0192-480b-8122-e90ba774588d,1,Houses - Apartments for Rent,Houses - Apartments for Rent,Rent,Rent
368,00a1c942-c5da-44eb-adbf-5f3c95178b7e,2,NULL,NULL,NULL,NULL
369,00a2f1dc-dbf1-4ad6-8a94-6698df805cd0,1,NULL,NULL,NULL,NULL
370,00a39851-9770-4f50-a639-8f4f846443e7,1,Houses - Apartments for Sale,Houses - Apartments for Sale,Sale,Sale
371,00a4169b-b185-426e-9935-da4a144b87ea,1,Land - Plot For Sale,Land - Plot For Sale,Sale,Sale
372,00a42720-e80b-4868-9d01-326b895ab661,1,NULL,NULL,NULL,NULL
373,00a479bc-3b08-4ced-b878-140d220a564e,1,Houses - Apartments for Sale,Houses - Apartments for Sale,Sale,Sale
374,00a49493-180d-4adc-9c75-cee61867ce4c,1,Villas/Bungalows for Rent,Villas/Bungalows for Rent,Rent,Rent
375,00a52b62-eaf7-490a-a617-09d4d47a3118,1,Houses - Apartments for Sale,Houses - Apartments for Sale,Sale,Sale
376,00a63c6a-ce39-4d9e-84b4-f06ebdd05b26,1,Residential Apartment For Sale,Residential Apartment For Sale,Sale,Sale
377,00a683b4-9321-4129-ad1e-1268663ff9a2,1,NULL,NULL,NULL,NULL
378,00a6c814-1524-4f39-b5b9-0f9a507f2bde,1,NULL,NULL,NULL,NULL
379,00a6c9d5-2ff1-4c8b-ad70-e5cd36b2c5ed,1,Residential Villa For Sale,Residential Villa For Sale,Sale,Sale
380,00a6cf62-3fd0-4fcc-8935-2975bf4e8ad5,1,NULL,NULL,NULL,NULL
381,00a77810-e890-4fe2-af29-caab34def913,1,NULL,NULL,NULL,NULL
382,00a7c9f5-3555-43df-838b-ee34f3ae6a74,1,Houses - Apartments for Sale,Residential - Builder floors For Sale,Sale,Sale
383,00a85fec-cb65-4f81-98ce-2707c75fb114,1,NULL,NULL,NULL,NULL
384,00a8bd91-309c-4792-b1dc-4da230b09930,1,Houses - Apartments for Rent,NULL,Rent,NULL
385,00a8fb49-1514-426f-bee7-90bd433cd3a8,1,Villas/Bungalows for Sale,NULL,Sale,NULL
386,00a99192-9642-4190-bee7-e4088d8f36b9,1,Land - Plot For Sale,Land - Plot For Sale,Sale,Sale
387,00a9b42f-0370-4fce-87e2-22e7854b8401,1,NULL,Land - Plot For Sale,NULL,Sale
388,00aa06cd-0540-451a-8769-51d2bb94a9b3,1,NULL,Villas/Bungalows for Sale,NULL,Sale
389,00aa9430-5b8f-4f6f-8b6a-98e2a4ae3bfd,1,Land - Plot For Sale,Land - Plot For Sale,Sale,Sale
390,00aacaee-ea27-4b48-8917-c59de026d112,1,Houses - Apartments for Rent,Houses - Apartments for Rent,Rent,Rent
391,00aad60e-c532-4fc4-8060-d82e52874cda,1,Residential,Residential,Others,Others
392,00aae5d1-a56a-47d1-a811-b415085eab14,1,NULL,NULL,NULL,NULL
393,00ab0d6d-06c6-4255-8f2e-e5475dda0733,1,Houses - Apartments for Rent,Houses - Apartments for Rent,Rent,Rent
394,00ab8b6b-164a-49ca-b9bd-3e0c8cdd9a38,1,Houses - Apartments for Rent,Houses - Apartments for Rent,Rent,Rent
395,00abe7e6-fcb4-4a2e-8e78-5a1104eec14f,1,NULL,Houses - Apartments for Rent,NULL,Rent
396,00ac0f8d-55db-4318-8ab6-6416773a8757,1,Villas/Bungalows for Rent,Villas/Bungalows for Rent,Rent,Rent
397,00ac7bed-6b69-4ad5-87cc-02eae8ad87d3,1,Villas/Bungalows for Sale,Villas/Bungalows for Sale,Sale,Sale
398,00ac8856-0d4f-44ab-8d5f-0b0fb2d3c7b4,3,NULL,Residential,NULL,Others
399,00ad4746-9e1b-4cee-8b4c-f82245250b30,1,Houses - Apartments for Rent,NULL,Rent,NULL
400,00ad7ff5-d5c1-4db2-8e2f-182b5955fef7,4,Villas/Bungalows for Sale,Villas/Bungalows for Sale,Sale,Sale
401,00adbdca-59ce-4deb-8a5a-2832161b8aca,1,NULL,NULL,NULL,NULL
402,00ae3a7e-4074-41bd-b804-461d424b19c7,1,Villas/Bungalows for Rent,Villas/Bungalows for Rent,Rent,Rent
403,00ae87de-89be-48f6-aec5-c46e222d563b,1,Paying Guest - Hostel,Paying Guest - Hostel,Others,Others
404,00aeaf2b-e373-4068-acde-dd3c8d84963b,1,Houses - Apartments for Sale,Houses - Apartments for Sale,Sale,Sale
405,00aec947-ad9e-4bfb-be1f-b81b1f33f85d,1,Villas/Bungalows for Rent,Villas/Bungalows for Rent,Rent,Rent
406,00aed164-cc3c-4559-810e-37c3f514977c,1,Houses - Apartments for Sale,Houses - Apartments for Sale,Sale,Sale
407,00af2f24-1b74-4c30-87f9-4a81891b46e3,1,Houses - Apartments for Rent,Houses - Apartments for Rent,Rent,Rent
408,00af357b-b6dc-4d7a-a95d-00d82e0a9698,1,NULL,NULL,NULL,NULL
409,00b005da-3463-4569-816e-a4ddf4fe722f,1,Houses - Apartments for Sale,Houses - Apartments for Sale,Sale,Sale
410,00b0751a-03f5-47e9-87df-931a630269e4,1,"Real Estate,Commercial Property for Rent",Commercial Property for Rent,Rent,Rent
411,00b0abf1-f20f-4fb3-9b37-115f33d1014d,1,Villas/Bungalows for Rent,Villas/Bungalows for Rent,Rent,Rent
412,00b12fbd-c801-427d-8124-04a9b82b3dac,1,Houses - Apartments for Rent,Houses - Apartments for Rent,Rent,Rent
413,00b136db-c2e0-4176-99ef-41af4b1ff198,1,NULL,NULL,NULL,NULL
414,00b1d39c-1cf0-43a7-8791-5d0f821087e6,1,Villas/Bungalows for Rent,Houses - Apartments for Rent,Rent,Rent
415,00b1eb9f-544b-45f8-b8ae-1146ef1ba5e2,1,NULL,NULL,NULL,NULL
416,00b26cb1-bb8a-47c3-b94b-b4e8aa4d2a9f,1,Villas/Bungalows for Sale,Villas/Bungalows for Sale,Sale,Sale
417,00b31842-35b8-47fd-89b8-16756a91df35,4,Villas/Bungalows for Sale,Villas/Bungalows for Sale,Sale,Sale
418,00b3568c-bd6a-4435-8f32-d3c3b1c490e2,1,Land - Plot For Sale,Land - Plot For Sale,Sale,Sale
419,00b488fe-293b-4a47-b412-485da9351ab8,2,Houses - Apartments for Rent,NULL,Rent,NULL
420,00b5f973-ad5f-40bc-8589-f9318d7a2ef0,1,Land - Plot For Sale,Land - Plot For Sale,Sale,Sale
421,00b6046f-315c-4675-8e72-042273d8f9b3,1,Residential,Residential,Others,Others
422,00b87e31-75d5-4522-b01a-79c6721a00ab,2,Houses - Apartments for Rent,Houses - Apartments for Rent,Rent,Rent
423,00b8e495-27b0-4516-874c-b66912b8a5f9,1,NULL,NULL,NULL,NULL
424,00b8eb1c-70c6-44b4-b397-a950a105eb78,3,Houses - Apartments for Rent,Houses - Apartments for Sale,Rent,Sale
425,00b966c1-0c52-467f-8316-517cf8a25239,1,Houses - Apartments for Sale,Houses - Apartments for Sale,Sale,Sale
426,00b9be83-24e1-4bdc-8504-b2076ebfb6e0,1,NULL,NULL,NULL,NULL
427,00b9ce6d-b2f0-4517-8608-6768111a4874,1,NULL,NULL,NULL,NULL
428,00ba0dc6-5650-4719-8440-daa73919bd9d,1,NULL,NULL,NULL,NULL
429,00ba9d91-31ba-48d5-90c4-f0228535a435,1,NULL,Land - Plot For Sale,NULL,Sale
430,00badb5c-df49-4acd-8f5c-ca5e6fa2e5d1,1,NULL,Houses - Apartments for Rent,NULL,Rent
431,00bafa2e-22be-478c-b12d-4f66b7caf99d,1,NULL,NULL,NULL,NULL
432,00bb9f86-9174-404d-a213-02634485354e,2,Villas/Bungalows for Sale,Villas/Bungalows for Sale,Sale,Sale
433,00bc03f7-b96f-4d37-8493-12e649f3c317,1,NULL,NULL,NULL,NULL
434,00bc6795-7aa9-4e10-8209-e22ec4575086,1,Villas/Bungalows for Sale,Villas/Bungalows for Sale,Sale,Sale
435,00bc698d-73bf-496c-8f22-3cd36c78d53b,1,NULL,NULL,NULL,NULL
436,00bd5d9f200a4105b67442c2c7fd700a@quikr.com,1,Houses - Apartments for Rent,Houses - Apartments for Rent,Rent,Rent
437,00be1700-ff12-48ad-92ac-6bbf5b851805,1,Villas/Bungalows for Sale,Villas/Bungalows for Sale,Sale,Sale
438,00be41ae-9e03-4934-80cd-389152626537,3,Villa For Rent,Villa For Rent,Rent,Rent
439,00be8727-39ea-4dc1-8045-f040f25d6af7,1,NULL,NULL,NULL,NULL
440,00bee9a4-50c6-4171-8a80-e4d73feca850,1,NULL,NULL,NULL,NULL
441,00bf3f9f-8312-42b0-8c77-1dd2cc25c37f,1,Houses - Apartments for Rent,Houses - Apartments for Rent,Rent,Rent
442,00bfc8cf-9fed-4c06-b021-9167ad436a2d,1,Houses - Apartments for Rent,Houses - Apartments for Rent,Rent,Rent
443,00bfd36b-4eaa-4b33-ac26-f34a09ac7c1e,1,Houses - Apartments for Rent,Houses - Apartments for Rent,Rent,Rent
444,00bff929-cc45-4995-97e1-e5341f2c87d2,1,NULL,NULL,NULL,NULL
445,00c0f98f-38c5-42b1-8f7a-10e53f4f16f1,2,Houses - Apartments for Sale,Houses - Apartments for Sale,Sale,Sale
446,00c1009d-14e4-4502-b21f-fa7ef0bf974f,1,NULL,NULL,NULL,NULL
447,00c23896-d5de-471d-a9f3-9664a7320e94,1,Villas/Bungalows for Sale,Villas/Bungalows for Sale,Sale,Sale
448,00c2442d-004c-4b6a-8c67-a817548cab21,1,Houses - Apartments for Sale,Houses - Apartments for Sale,Sale,Sale
449,00c266af-7d4b-4914-b38a-13770d1f6681,1,Residential Plot For Sale,Residential Plot For Sale,Sale,Sale
450,00c2adb9-f595-41cb-a724-3cd431186049,1,NULL,NULL,NULL,NULL
451,00c2e952-d64e-4ef4-881a-93086a800d30,1,NULL,NULL,NULL,NULL
452,00c313e1-e3d9-424c-add1-40da06deee42,1,Land - Plot For Sale,Land - Plot For Sale,Sale,Sale
453,00c3e636-29b6-4cb1-8182-aa860107b7fd,1,Residential Apartment For Sale,Residential Apartment For Sale,Sale,Sale
454,00c44cb8-1a3a-4c13-9bb8-09d1f686db2c,2,Houses - Apartments for Rent,Houses - Apartments for Rent,Rent,Rent
455,00c458f0-d3d3-4ad2-95a7-8f41013f837e,1,NULL,NULL,NULL,NULL
456,00c45a30-21fe-4789-817f-c20b047a667f,1,Houses - Apartments for Rent,Houses - Apartments for Rent,Rent,Rent
457,00c62b70-4fe8-4c73-8425-367ff938414f,1,Houses - Apartments for Sale,Houses - Apartments for Sale,Sale,Sale
458,00c63ccc-5ddd-4703-95d2-b0b035c202de,2,Land - Plot For Sale,Villas/Bungalows for Sale,Sale,Sale
459,00c6c48e-e9b1-47ce-b9b5-7ce0f4c8fa03,3,NULL,NULL,NULL,NULL
460,00c762b8-8b5f-454c-a91c-2c59da447eb0,1,Houses - Apartments for Rent,Houses - Apartments for Rent,Rent,Rent
461,00c82a7b-cd4a-469e-8653-7e5680e3fed4,1,Houses - Apartments for Sale,Houses - Apartments for Sale,Sale,Sale
462,00c88e37-705b-468a-b27b-082113178567,1,NULL,NULL,NULL,NULL
463,00c91255-455a-48c9-9d53-777fcbd44092,1,Houses - Apartments for Rent,Houses - Apartments for Rent,Rent,Rent
464,00c912e1-15f6-4cc6-8f33-6e81b12694d6,2,Land - Plot For Sale,Land - Plot For Sale,Sale,Sale
465,00c9df87-f7e7-4b33-9bfe-a7101d522bc4,1,NULL,NULL,NULL,NULL
466,00c9f441-8555-4e8e-855d-6f5994a65599,3,NULL,Houses - Apartments for Rent,NULL,Rent
467,00ca45ce-304e-4b49-a9ca-8e18c7555653,1,NULL,NULL,NULL,NULL
468,00ca76c2-4815-4b2b-8389-f26d2e6da737,1,Houses - Apartments for Sale,Houses - Apartments for Sale,Sale,Sale
469,00cb6c0a-52ad-4cc4-896d-83da63550bcb,1,Houses - Apartments for Sale,Houses - Apartments for Rent,Sale,Rent
470,00cbcb03-341a-4031-b532-eea33c2c16f3,1,NULL,NULL,NULL,NULL
471,00cbd241-b038-49bc-bbdc-409d29a1ee1e,1,NULL,NULL,NULL,NULL
472,00cbf404-b686-4c1a-9daa-a91dde046419,1,Commercial Property for Sale,Commercial Property for Sale,Sale,Sale
473,00ccaf6e-41c4-4e96-971b-24a4df7994c5,1,NULL,NULL,NULL,NULL
474,00cccdb0-0ed9-433e-8092-6535b9a7fc48,1,Houses - Apartments for Rent,Houses - Apartments for Rent,Rent,Rent
475,00cd013c-c74c-4ea8-bde8-44edaf7ed9bc,1,NULL,NULL,NULL,NULL
476,00cd19ac-4f49-41e5-8f97-f8350ba00a93,2,NULL,NULL,NULL,NULL
477,00cd2696-8697-489d-86da-4b8cc44c5ab0,4,Villas/Bungalows for Sale,Villas/Bungalows for Sale,Sale,Sale
478,00cd5547-8473-4d9c-8635-98b42acbd022,1,NULL,NULL,NULL,NULL
479,00cf289d-ebfe-4c50-932d-e2d255235a5f,1,Houses - Apartments for Sale,Houses - Apartments for Sale,Sale,Sale
480,00cf896a-8b63-4e7b-9bc3-a64590dbbf07,1,NULL,NULL,NULL,NULL
481,00d2c2e0-5685-4cb0-8966-7e7382cf53c8,4,Houses - Apartments for Sale,Houses - Apartments for Sale,Sale,Sale
482,00d3ea21-73fa-4035-896a-6660606523e0,1,NULL,NULL,NULL,NULL
483,00d3fd02-81dc-40aa-b579-0a9aea5be1ba,2,Villas/Bungalows for Sale,Villas/Bungalows for Sale,Sale,Sale
484,00d423cd-69dc-43c2-8b5c-cb0552af8e20,1,Land - Plot For Sale,Land - Plot For Sale,Sale,Sale
485,00d46e0d-a92c-498e-bea0-8fa5310bd6eb,1,Land - Plot For Sale,Land - Plot For Sale,Sale,Sale
486,00d530d4-2731-4a2a-81c3-3d2b77a0391f,1,Land - Plot For Sale,Land - Plot For Sale,Sale,Sale
487,00d5bb68-1caf-42b1-abbe-423883e64576,1,NULL,NULL,NULL,NULL
488,00d788bd-02e1-4127-b8ea-64f4cea3e065,1,NULL,NULL,NULL,NULL
489,00d7b698-266d-49b6-9fa8-968e94a9ca87,1,Houses - Apartments for Sale,Villas/Bungalows for Sale,Sale,Sale
490,00d7c9bb-b4ec-4ac4-9e45-5e5b770c4978,2,NULL,NULL,NULL,NULL
491,00d82e90-eed5-4217-857a-1c333869be2f,1,NULL,NULL,NULL,NULL
492,00d834f9-53dd-45b5-b095-acdc35858ca0,1,Land - Plot For Sale,NULL,Sale,NULL
493,00d8beed-e641-4d9d-aea6-bb44e8b0b674,1,Houses - Apartments for Sale,Houses - Apartments for Sale,Sale,Sale
494,00d90898-a498-45d9-8f4b-14d788033758,1,NULL,NULL,NULL,NULL
495,00d9100f-a12b-4a98-8f3e-4bca7a374ca0,1,Houses - Apartments for Sale,NULL,Sale,NULL
496,00d970bb-2905-4864-929a-cf75628b0bb8,1,Land - Plot For Sale,Land - Plot For Sale,Sale,Sale
497,00d9a00d-34c5-4533-9b2a-9a9f08c39802,1,Residential,Residential,Others,Others
498,00d9aa6c-0ddc-4879-8206-0cb704181894,1,Land - Plot For Sale,Land - Plot For Sale,Sale,Sale
499,00da218c-cbbb-4c72-afa8-d37282c93ee6,1,Residential - Builder floors For Sale,Residential - Builder floors For Sale,Sale,Sale
500,00da62e4-e58d-499d-8391-2880ef4537d6,1,Villas/Bungalows for Rent,Villas/Bungalows for Rent,Rent,Rent
501,00da7dd3-286c-4b72-9ac1-23b1ce1b977c,2,Commercial Property for Rent,Commercial Property for Rent,Rent,Rent
502,00da9da3-7ed1-4df4-8ce8-4f935d97939c,1,Villas/Bungalows for Sale,Villas/Bungalows for Sale,Sale,Sale
503,00daad70-8356-4831-8636-7540d866961e,1,Houses - Apartments for Rent,Houses - Apartments for Rent,Rent,Rent
504,00daf1e0-85ca-463a-8c8d-1085761a9d14,1,NULL,NULL,NULL,NULL
505,00db5136-2626-4987-86a6-def5b2df4cf7,1,Villas/Bungalows for Sale,NULL,Sale,NULL
506,00db60d3-7e1a-41dd-9b00-f2dd18a21279,1,Houses - Apartments for Rent,Houses - Apartments for Rent,Rent,Rent
507,00dbe175-9fda-4ec8-9096-49f42dd9fe62,2,Houses - Apartments for Sale,Houses - Apartments for Sale,Sale,Sale
508,00dc27cf-7078-44d3-98b6-e04da4dad87b,1,Commercial Property for Rent,Commercial Property for Rent,Rent,Rent
509,00dc6247-0d29-4f79-850a-7ec8adbb1426,1,NULL,NULL,NULL,NULL
510,00dd2935-8524-4bf5-9ab5-6cd3aff298c2,1,Land - Plot For Sale,Land - Plot For Sale,Sale,Sale
511,00ded5c9-4b54-4b61-87cc-946d78dc3fb6,1,NULL,NULL,NULL,NULL
512,00deef69-1ae1-485e-92f0-9f8a5bcd512c,1,NULL,NULL,NULL,NULL
513,00df49a0-ed8c-417a-b5c5-e912b754bdbb,1,NULL,NULL,NULL,NULL
514,00dfa2fe-1204-4b5f-84d2-be3a20ca5955,1,Land - Plot For Sale,Land - Plot For Sale,Sale,Sale
515,00e149fc-e412-4496-8106-a1d34836ab4b,1,Houses - Apartments for Sale,Houses - Apartments for Sale,Sale,Sale
516,00e2ad45-13b5-4607-8350-1b3f4d4992d2,1,NULL,NULL,NULL,NULL
517,00e2dc40-0cda-4b84-a103-9d46b63b254d,1,Residential Apartment For Sale,Residential Apartment For Sale,Sale,Sale
518,00e33fb3-e471-428d-916b-339aeed42c04,1,NULL,Land - Plot For Sale,NULL,Sale
519,00e37583-3f83-4fa5-a0c0-80437ed227b1,1,NULL,NULL,NULL,NULL
520,00e3b339-aebc-4b72-9dc0-9a463e097d8d,1,NULL,NULL,NULL,NULL
521,00e3ba91-2e15-4cb2-b50e-ed0db1306c20,2,Villas/Bungalows for Sale,Villas/Bungalows for Sale,Sale,Sale
522,00e3d4a0-3a7e-4d26-8cf1-2fe1720d323c,1,Houses - Apartments for Rent,Houses - Apartments for Rent,Rent,Rent
523,00e4d360-1a4a-48b5-9ed9-07cf5110ff50,1,Houses - Apartments for Rent,Houses - Apartments for Rent,Rent,Rent
524,00e52b0e-2015-49cd-b69e-57a9a0c644c0,2,Villas/Bungalows for Sale,Villas/Bungalows for Sale,Sale,Sale
525,00e5bea2-a65e-4b23-bcb0-e428bc627992,1,Land - Plot For Sale,NULL,Sale,NULL
526,00e5f1e1-8652-42f5-8ad9-04158570a1e0,1,Houses - Apartments for Sale,Houses - Apartments for Sale,Sale,Sale
527,00e63719-9ba7-4648-a544-d4f2bbf05948,1,Villas/Bungalows for Sale,Villas/Bungalows for Sale,Sale,Sale
528,00e67e32-6f95-42c8-ac43-ebbbb49b5e4c,5,Houses - Apartments for Rent,Houses - Apartments for Rent,Rent,Rent
529,00e69b33-919d-4287-8b41-96dc412d1320,1,Flatmates,Flatmates,Others,Others
530,00e6bc27-e956-4ade-85cb-b0216525e9b0,1,Land - Plot For Sale,Land - Plot For Sale,Sale,Sale
531,00e6ca21-2ce7-49bc-9990-3c930470249c,1,Houses - Apartments for Sale,Houses - Apartments for Sale,Sale,Sale
532,00e738a1-74b7-475e-85c6-8c3b8e4430b4,3,Houses - Apartments for Sale,Houses - Apartments for Sale,Sale,Sale
533,00e742c3d987438a96f9261341c45749@quikr.com,1,Flatmates,Houses - Apartments for Rent,Others,Rent
534,00e81205-28ee-46d9-8ed8-c29065d937ef,1,Villas/Bungalows for Sale,Houses - Apartments for Sale,Sale,Sale
535,00e86806-8021-4bed-86b5-655d069784c0,1,NULL,NULL,NULL,NULL
536,00e8e757-7f90-4a44-8c49-820c02205310,1,Flatmates,Flatmates,Others,Others
537,00e97f08-2f3b-471c-8994-5a9881adb04d,1,Residential Apartment For Sale,Residential Apartment For Sale,Sale,Sale
538,00e9c3f6-bd1b-4d49-8290-0c7067fc6a59,1,NULL,Houses - Apartments for Rent,NULL,Rent
539,00e9cc25-fd27-426b-81a2-d1d73e7ff2c2,1,NULL,NULL,NULL,NULL
540,00ea122f-dcbe-4f73-9faf-a52126121d30,1,Land - Plot For Sale,Land - Plot For Sale,Sale,Sale
541,00ea53a3-21fe-4bd7-82a1-adaaedc70770,2,Houses - Apartments for Sale,Houses - Apartments for Sale,Sale,Sale
542,00ea65e0-2ea9-450b-8900-1c991e00bed2,1,NULL,NULL,NULL,NULL
543,00ec23cc-89af-443a-8180-dd853040c64a,1,Houses - Apartments for Rent,Houses - Apartments for Rent,Rent,Rent
544,00ed5e3caeba412285ac7805f2c39fc9@quikr.com,3,Houses - Apartments for Rent,Houses - Apartments for Rent,Rent,Rent
545,00ee855b-6ddf-4f24-b8e3-c7b657086ee3,1,Houses - Apartments for Sale,Houses - Apartments for Sale,Sale,Sale
546,00eede17-a8a1-4b73-8aaf-defdc5c36cb5,1,Villas/Bungalows for Sale,Villas/Bungalows for Sale,Sale,Sale
547,00ef5066-6526-4ac1-bc85-7af664b40b2f,2,NULL,Houses - Apartments for Rent,NULL,Rent
548,00efdf0a-661a-4f17-a8a9-2d9d1b2a6c9b,1,NULL,Houses - Apartments for Rent,NULL,Rent
549,00f08756-f33e-4b25-9969-37151e9e75f5,1,Residential Apartment For Sale,Residential Apartment For Sale,Sale,Sale
550,00f09111-0a15-488d-b443-85e1237ca638,4,Houses - Apartments for Sale,Houses - Apartments for Sale,Sale,Sale
551,00f09786-484c-4f31-97a0-c44e05c4c6a6,1,NULL,Houses - Apartments for Sale,NULL,Sale
552,00f0ad06-3970-4ec9-8a6b-5221dc83bc99,1,Paying Guest - Hostel,NULL,Others,NULL
553,00f14777-2c32-45e0-8c85-91d8894b1380,3,Houses - Apartments for Sale,NULL,Sale,NULL
554,00f19f95-ad44-4b83-9285-565e24adc426,1,Villas/Bungalows for Rent,Villas/Bungalows for Rent,Rent,Rent
555,00f264ad-2950-444b-b572-42e72ccfd622,1,NULL,NULL,NULL,NULL
556,00f28b2b-c627-48be-8128-72222fd0cfb0,1,Houses - Apartments for Rent,Houses - Apartments for Rent,Rent,Rent
557,00f42801-cc6d-4468-82cf-9252c9a74b90,1,Houses - Apartments for Rent,Houses - Apartments for Rent,Rent,Rent
558,00f42a2a-cbb8-48f7-8ee4-68bc644e8869,1,Houses - Apartments for Sale,Houses - Apartments for Sale,Sale,Sale
559,00f42b7e-f1d8-422e-9dba-fb98ee85898b,1,Villas/Bungalows for Rent,Villas/Bungalows for Rent,Rent,Rent
560,00f45348-0a36-42c7-b90b-914542404b86,1,Houses - Apartments for Rent,Houses - Apartments for Rent,Rent,Rent
561,00f45786-c81a-4986-9eac-bc9ba3a34c69,1,Villas/Bungalows for Rent,Houses - Apartments for Rent,Rent,Rent
562,00f4b25e-df35-401d-886f-4221daf835c0,1,NULL,NULL,NULL,NULL
563,00f619d2-ea8f-4b51-8646-4ef9eba44d10,1,Houses - Apartments for Rent,Houses - Apartments for Rent,Rent,Rent
564,00f61a67-192f-442a-8c68-69a68de118a9,1,NULL,NULL,NULL,NULL
565,00f67567-59e2-4815-8567-8d6de7048ee9,1,Houses - Apartments for Sale,Houses - Apartments for Sale,Sale,Sale
566,00f69bc9-7efc-496d-892e-b0ec53a7092b,1,Houses - Apartments for Rent,Houses - Apartments for Rent,Rent,Rent
567,00f7ae48-d60a-40c0-9f71-7756bb40c406,2,NULL,NULL,NULL,NULL
568,00f7fcfb-5488-4fd7-9e25-1ba04aeb602c,1,Houses - Apartments for Rent,Houses - Apartments for Rent,Rent,Rent
569,00f83835-78d5-4664-80a5-28d3bab727d4,1,NULL,NULL,NULL,NULL
570,00f8c32e-df08-4c07-8161-fdd93bf0e0c9,1,"Real Estate,Land - Plot For Sale",Houses - Apartments for Sale,Sale,Sale
571,00f90654-db73-4330-b4e4-cc9ccb455d85,1,NULL,NULL,NULL,NULL
572,00f98148-3503-45e5-8487-9cbe71b07800,1,Houses - Apartments for Sale,Houses - Apartments for Sale,Sale,Sale
573,00f985c2-9245-4a73-9ba5-e54eb60cafda,1,NULL,NULL,NULL,NULL
574,00f98fc1-a86c-48ba-a8ca-be6ad41f3739,1,Villas/Bungalows for Sale,Villas/Bungalows for Sale,Sale,Sale
575,00fa6759-bb71-47c9-800a-ee8afa7fd7ae,1,Villas/Bungalows for Sale,Villas/Bungalows for Sale,Sale,Sale
576,00fae8ca-255a-46f5-9b9d-ff77afc3a6f3,1,Villas/Bungalows for Sale,Villas/Bungalows for Sale,Sale,Sale
577,00fb62d0-4867-44d7-9ac3-baaf9cd52d4b,5,Houses - Apartments for Rent,Houses - Apartments for Rent,Rent,Rent
578,00fbab65-c88d-4d14-8962-72690d14f9eb,1,Villas/Bungalows for Sale,Villas/Bungalows for Sale,Sale,Sale
579,00fc11a8-e3b2-4bbc-8392-a5e23f2fcff3,1,Residential Apartment For Sale,NULL,Sale,NULL
580,00fcde8d-6e95-4975-9cdc-def8d0b3b5bc,1,Houses - Apartments for Rent,Houses - Apartments for Rent,Rent,Rent
581,00fce271-229d-44c6-8e45-63d0f179fe8f,1,"Real Estate,Commercial Property for Rent",Commercial Property for Rent,Rent,Rent
582,00fce8de-7788-4747-9965-73ab38c78c15,1,Residential - Builder floors For Rent,Houses - Apartments for Rent,Rent,Rent
583,00fd98a143144d12954dedd60b9b2369@quikr.com,1,Commercial Property for Sale,Commercial Property for Sale,Sale,Sale
584,00fdfb88-c1da-4006-806d-c385d297657e,1,NULL,NULL,NULL,NULL
585,00fe0424-3de5-44cb-a898-fe696e71623d,1,NULL,NULL,NULL,NULL
586,00fe81a1-fc0c-4e9e-9aa5-0bd51b920bab,1,Scooters,Scooters,Others,Others
587,00fecc50-5398-44bb-a3a7-284521be4050,1,NULL,NULL,NULL,NULL
588,00fefd37-d45e-4422-8e6b-6178d4147d3c,1,NULL,NULL,NULL,NULL
589,00ff02a9-8af8-4b89-bfe3-76414d0879d8,1,Land - Plot For Sale,Land - Plot For Sale,Sale,Sale
590,00ff8482-739c-4084-a6cb-12c9f452f3a0,1,Paying Guest - Hostel,Paying Guest - Hostel,Others,Others
591,00ffbca8-5bec-4831-8cda-a02f637b8e9a,1,NULL,NULL,NULL,NULL
592,01000b76-a940-4a86-b31d-9b691b0b95f7,1,NULL,NULL,NULL,NULL
593,01002f32-3b7f-496d-9837-3b74ba9b2e50,1,Villas/Bungalows for Rent,Villas/Bungalows for Rent,Rent,Rent
594,01010fee-21d6-4616-b240-85729419e7a1,1,NULL,NULL,NULL,NULL
595,010134c7-809e-4e13-a8a7-45649f5fac5c,1,Houses - Apartments for Sale,Houses - Apartments for Sale,Sale,Sale
596,010159bd-8017-4129-b7a1-9cf92d4e7d44,1,Houses - Apartments for Rent,Paying Guest - Hostel,Rent,Others
597,0101e444-f996-4e24-96cf-c61dd1e3554f,1,Houses - Apartments for Sale,Houses - Apartments for Sale,Sale,Sale
598,010212f3-bd28-4805-83c3-5975b7c16a84,1,NULL,NULL,NULL,NULL
599,01022d34-7c4a-4fdf-8d55-0c8a6f9b0225,1,Houses - Apartments for Rent,Houses - Apartments for Rent,Rent,Rent
600,01028ab5-88fb-4c3d-9ba4-ff2fbe1f77d1,1,NULL,NULL,NULL,NULL
601,0102a3d1-8762-4fbf-86fd-68353c1907cc,1,Houses - Apartments for Rent,Houses - Apartments for Rent,Rent,Rent
602,0102a689-c59c-47e1-b26d-e1ab18477b49,1,Houses - Apartments for Rent,Houses - Apartments for Rent,Rent,Rent
603,0102b475-f578-4b1c-8569-c615f64d38de,1,Everything Else,NULL,Others,NULL
604,0102da6e-7b7e-41c9-9f33-72eda4b5428b,1,NULL,NULL,NULL,NULL
605,0102e441-b2fd-43b4-86b2-3698e42cc351,1,Land - Plot For Sale,Land - Plot For Sale,Sale,Sale
606,0103363cb27848c68d0821d87f4d79b9@quikr.com,1,Houses - Apartments for Rent,Houses - Apartments for Rent,Rent,Rent
607,010357b7-791f-41e6-8cd8-38d6ff125faf,1,NULL,NULL,NULL,NULL
608,01039e24-1f5c-4893-8634-818db2107650,1,Villas/Bungalows for Sale,Villas/Bungalows for Sale,Sale,Sale
609,01040660-3f4e-4892-880d-7373c3abc6fc,1,Villas/Bungalows for Sale,Villas/Bungalows for Sale,Sale,Sale
610,01043ceb-670d-4a8b-871b-988ecee12549,1,Houses - Apartments for Rent,Houses - Apartments for Rent,Rent,Rent
611,0104ed05-7e53-47ab-80a8-7e9160bbc510,6,NULL,Houses - Apartments for Rent,NULL,Rent
612,01066232-139a-4640-ad9e-e337ca8b41bd,1,NULL,NULL,NULL,NULL
613,01089935-bbb8-4266-a163-3670d4d0edbb,1,Houses - Apartments for Sale,Houses - Apartments for Sale,Sale,Sale
614,0108dfd5-19a1-4e91-8f3a-6d32c9f47601,1,Villas/Bungalows for Sale,Residential,Sale,Others
615,0109d18f-c4be-46e0-9035-c9e5de2d629d,1,NULL,NULL,NULL,NULL
616,010a6fec-2cd8-48ec-8ac4-31ddf8d5786a,3,NULL,NULL,NULL,NULL
617,010a7b43-921d-4e93-9069-be156fc8b45a,1,NULL,NULL,NULL,NULL
618,010bb4a7-e154-4cb3-8a11-7389c8013558,1,NULL,NULL,NULL,NULL
619,010bca4e-21fb-440c-8883-a6bedb1b9e40,1,Land - Plot For Sale,Land - Plot For Sale,Sale,Sale
620,010cc62d-0d88-4657-8f8b-0099a9627f4a,1,NULL,NULL,NULL,NULL
621,010d0ee6-c4c3-4a12-8281-03ad9d29a7da,3,NULL,Houses - Apartments for Rent,NULL,Rent
622,010d37f4-c8b9-4beb-8ca6-261f439aea8f,2,Houses - Apartments for Sale,Houses - Apartments for Sale,Sale,Sale
623,010de811-cb9c-4005-a5e4-1a506b4c8d2a,1,NULL,NULL,NULL,NULL
624,010e3d81-8687-471f-b1fc-7454848c7387,1,NULL,NULL,NULL,NULL
625,010e773c-afde-454f-8054-52855fd1d395,1,NULL,NULL,NULL,NULL
626,010ed25b-916e-48ed-9624-06a8e7f54e61,1,NULL,NULL,NULL,NULL
627,010efa22-383b-4d7b-817a-bafc24694e4d,1,Villas/Bungalows for Sale,Villas/Bungalows for Sale,Sale,Sale
628,010f2a47-cb1c-4dc6-88b7-8fe03d711498,1,Villas/Bungalows for Sale,NULL,Sale,NULL
629,010f64f1-f06a-4950-a546-886d326e6b03,1,Land - Plot For Sale,Land - Plot For Sale,Sale,Sale
630,010faffa-408e-4177-9bfc-1fcff3fd9f79,1,NULL,NULL,NULL,NULL
631,0111d3ab-2cd1-4c96-88d3-5a379637f9c7,1,Houses - Apartments for Sale,Houses - Apartments for Sale,Sale,Sale
632,0111e43a-d000-48a0-98e9-09144ddfb436,1,NULL,NULL,NULL,NULL
